{
    "command": [
        "JHU.IDEALS.WorkforceRegistry.Web.dll"
    ],
    "cpu": 0,
    "entryPoint": [
        "dotnet"
    ],
    "environment": [],
    "essential": true,
    "image": "${var.al_acct_id}.dkr.ecr.us-east-1.amazonaws.com/wfr-al:**",
    "logConfiguration": {
        "logDriver": "awslogs",
        "options": {
            "awslogs-group": "/ecs/wfr-al-uat",
            "awslogs-region": "us-east-1",
            "awslogs-stream-prefix": "ecs"
        }
    },
    "mountPoints": [],
    "name": "wfr-al-web",
    "portMappings": [
        {
            "containerPort": 88,
            "hostPort": 88,
            "name": "wfr-al-web-88-tcp",
            "protocol": "tcp"
        }
    ],
    "secrets": [
            {
                "name": "ASPNETCORE_ENVIRONMENT",
                "valueFrom": "wfr-al-uat.ASPNETCORE_ENVIRONMENT"
            },
            {
                "name": "Allow350Messages",
                "valueFrom": "wfr-al-uat.allow-350-messages"
            },
            {
                "name": "AppInstance",
                "valueFrom": "wfr-al-uat.app-instance"
            },
            {
                "name": "BaseUrl",
                "valueFrom": "wfr-al-uat.base-url"
            },
            {
                "name": "ConnectionStrings__Redis",
                "valueFrom": "wfr-al-uat.redis"
            },
            {
                "name": "ConnectionStrings__WorkforceRegistry",
                "valueFrom": "wfr-al-uat.connection-str"
            },
            {
                "name": "DefaultEmailFrom",
                "valueFrom": "wfr-al-uat.default-email-from"
            },
            {
                "name": "EmailImagePath",
                "valueFrom": "wfr-al-uat.email-image-path"
            },
            {
                "name": "FileBucket__BucketName",
                "valueFrom": "wfr-al-uat.file-bucket.bucket-name"
            },
            {
                "name": "JWTIssuerOptions.Issuer",
                "valueFrom": "wfr-al-uat.jwt-issuer-options.Issuer"
            },
            {
                "name": "LocationSortPreferredState",
                "valueFrom": "wfr-al-uat.location-sort-preferred-state"
            },
            {
                "name": "OpenPDFInBrowser",
                "valueFrom": "wfr-al-uat.open-pdf-in-browser"
            },
            {
                "name": "PromotionLevel",
                "valueFrom": "wfr-al-uat.promotion-level"
            },
            {
                "name": "ResourceFileName",
                "valueFrom": "wfr-al-uat.resource-file-name"
            },
            {
                "name": "SecretKey",
                "valueFrom": "wfr-al-uat.secret-key"
            },
            {
                "name": "SplashScreen",
                "valueFrom": "wfr-al-uat.splash-screen"
            },
            {
                "name": "StaticFileBucket__BucketName",
                "valueFrom": "wfr-al-uat.static-file-bucket.bucket-name"
            },
            {
                "name": "StaticPath",
                "valueFrom": "wfr-al-uat.static-path"
            },
            {
                "name": "TamLoginUrl",
                "valueFrom": "wfr-al-uat.tam-login-url"
            },
            {
                "name": "TamPassword",
                "valueFrom": "wfr-al-uat.tam-password"
            },
            {
                "name": "TamPayloadUrl",
                "valueFrom": "wfr-al-uat.tam-payload-url"
            },
            {
                "name": "TamUserName",
                "valueFrom": "wfr-al-uat.tam-user-name"
            },
            {
                "name": "TectaUrl",
                "valueFrom": "wfr-al-uat.tecta-url"
            },
            {
                "name": "TermsAndConditionsText",
                "valueFrom": "wfr-al-uat.terms-and-conditions-text"
            },
            {
                "name": "TrainingModuleActive",
                "valueFrom": "wfr-al-uat.training-module-active"
            },
            {
                "name": "FileBucket__KeyPath",
                "valueFrom": "wfr-al-uat.file-bucket.key-path"
            },
            {
                "name": "StaticFileBucket__KeyPath",
                "valueFrom": "wfr-al-uat.static-file-bucket.key-path"
            }
        ],
    "systemControls": [],
    "volumesFrom": [],
    "workingDirectory": "/app"
}